Organisation Name,Town/City,County,Type & Rating,Route
Content Guru Ltd,Bracknell,Berkshire,A rating,Skilled Worker
Captify Media Ltd,London,Greater London,A rating,Skilled Worker
Netflix Services UK Limited,London,Greater London,A rating,Skilled Worker
Dept Agency UK Ltd,London,Greater London,A rating,Skilled Worker
Omaze UK Limited,London,Greater London,A rating,Skilled Worker
WPP 2005 Limited,London,Greater London,A rating,Skilled Worker
Publicis Limited,London,Greater London,A rating,Skilled Worker
Omnicom Media Group UK Limited,London,Greater London,A rating,Skilled Worker
ITV Services Limited,London,Greater London,A rating,Skilled Worker
Google UK Limited,London,Greater London,A rating,Skilled Worker
Amazon UK Services Ltd,London,Greater London,A rating,Skilled Worker
Apple UK Limited,London,Greater London,A rating,Skilled Worker
Warner Bros. Entertainment UK Limited,London,Greater London,A rating,Skilled Worker
Paramount Pictures UK,London,Greater London,A rating,Skilled Worker
TikTok Information Technologies UK Limited,London,Greater London,A rating,Skilled Worker
